User_ID,Quiz_Scores,Time_Spent,Correct_Answers,Proficiency_Level,Topics_Completed,Suggested_Roadmap
U1,23,30,20,Expert,6,"Deep Learning, AI Research, Big Data Analytics"
U2,72,188,14,Expert,10,"Deep Learning, AI Research, Big Data Analytics"
U3,65,50,16,Intermediate,5,"Advanced Python, Data Science Basics, ML Algorithms"
U4,70,104,16,Expert,6,"Deep Learning, AI Research, Big Data Analytics"
U5,34,140,12,Expert,6,"Deep Learning, AI Research, Big Data Analytics"
U6,90,137,12,Expert,6,"Deep Learning, AI Research, Big Data Analytics"
U7,26,194,21,Expert,4,"Deep Learning, AI Research, Big Data Analytics"
U8,74,33,12,Expert,12,"Deep Learning, AI Research, Big Data Analytics"
U9,28,137,20,Expert,12,"Deep Learning, AI Research, Big Data Analytics"
U10,76,185,18,Expert,10,"Deep Learning, AI Research, Big Data Analytics"
U11,24,144,6,Beginner,2,"Intro to Programming, Basic Python, Fundamentals of ML"
U12,93,179,23,Expert,11,"Deep Learning, AI Research, Big Data Analytics"
U13,96,166,10,Expert,3,"Deep Learning, AI Research, Big Data Analytics"
U14,82,77,8,Expert,3,"Deep Learning, AI Research, Big Data Analytics"
U15,100,97,17,Expert,6,"Deep Learning, AI Research, Big Data Analytics"
U16,51,37,13,Intermediate,2,"Advanced Python, Data Science Basics, ML Algorithms"
U17,68,96,7,Expert,9,"Deep Learning, AI Research, Big Data Analytics"
U18,36,38,21,Expert,15,"Deep Learning, AI Research, Big Data Analytics"
U19,65,90,20,Expert,8,"Deep Learning, AI Research, Big Data Analytics"
U20,35,111,10,Expert,8,"Deep Learning, AI Research, Big Data Analytics"
U21,48,159,14,Intermediate,12,"Advanced Python, Data Science Basics, ML Algorithms"
U22,66,93,20,Expert,5,"Deep Learning, AI Research, Big Data Analytics"
U23,57,118,11,Intermediate,4,"Advanced Python, Data Science Basics, ML Algorithms"
U24,64,57,5,Expert,7,"Deep Learning, AI Research, Big Data Analytics"
U25,83,42,13,Expert,13,"Deep Learning, AI Research, Big Data Analytics"
U26,90,38,20,Expert,1,"Deep Learning, AI Research, Big Data Analytics"
U27,46,111,17,Intermediate,15,"Advanced Python, Data Science Basics, ML Algorithms"
U28,64,37,5,Expert,9,"Deep Learning, AI Research, Big Data Analytics"
U29,47,129,13,Intermediate,1,"Advanced Python, Data Science Basics, ML Algorithms"
U30,53,36,5,Expert,9,"Deep Learning, AI Research, Big Data Analytics"
U31,61,40,11,Intermediate,4,"Advanced Python, Data Science Basics, ML Algorithms"
U32,54,83,20,Expert,12,"Deep Learning, AI Research, Big Data Analytics"
U33,98,40,12,Expert,12,"Deep Learning, AI Research, Big Data Analytics"
U34,55,119,8,Expert,12,"Deep Learning, AI Research, Big Data Analytics"
U35,55,115,13,Intermediate,12,"Advanced Python, Data Science Basics, ML Algorithms"
U36,80,64,18,Expert,9,"Deep Learning, AI Research, Big Data Analytics"
U37,44,78,5,Expert,14,"Deep Learning, AI Research, Big Data Analytics"
U38,28,52,6,Beginner,12,"Intro to Programming, Basic Python, Fundamentals of ML"
U39,63,142,5,Expert,7,"Deep Learning, AI Research, Big Data Analytics"
U40,81,75,13,Expert,7,"Deep Learning, AI Research, Big Data Analytics"
U41,51,182,22,Expert,13,"Deep Learning, AI Research, Big Data Analytics"
U42,94,121,5,Expert,6,"Deep Learning, AI Research, Big Data Analytics"
U43,74,83,16,Expert,6,"Deep Learning, AI Research, Big Data Analytics"
U44,78,68,17,Expert,9,"Deep Learning, AI Research, Big Data Analytics"
U45,23,189,17,Expert,10,"Deep Learning, AI Research, Big Data Analytics"
U46,22,53,24,Expert,4,"Deep Learning, AI Research, Big Data Analytics"
U47,32,57,14,Expert,10,"Deep Learning, AI Research, Big Data Analytics"
U48,87,142,5,Expert,1,"Deep Learning, AI Research, Big Data Analytics"
U49,60,46,15,Intermediate,2,"Advanced Python, Data Science Basics, ML Algorithms"
U50,93,174,22,Expert,3,"Deep Learning, AI Research, Big Data Analytics"
U51,68,185,25,Expert,1,"Deep Learning, AI Research, Big Data Analytics"
U52,24,84,24,Expert,10,"Deep Learning, AI Research, Big Data Analytics"
U53,62,32,16,Intermediate,2,"Advanced Python, Data Science Basics, ML Algorithms"
U54,40,162,12,Intermediate,2,"Advanced Python, Data Science Basics, ML Algorithms"
U55,36,138,16,Expert,4,"Deep Learning, AI Research, Big Data Analytics"
U56,30,126,8,Beginner,14,"Intro to Programming, Basic Python, Fundamentals of ML"
U57,30,131,15,Expert,6,"Deep Learning, AI Research, Big Data Analytics"
U58,63,76,20,Expert,10,"Deep Learning, AI Research, Big Data Analytics"
U59,62,182,5,Expert,7,"Deep Learning, AI Research, Big Data Analytics"
U60,90,150,5,Expert,10,"Deep Learning, AI Research, Big Data Analytics"
U61,91,182,13,Expert,7,"Deep Learning, AI Research, Big Data Analytics"
U62,59,200,7,Expert,5,"Deep Learning, AI Research, Big Data Analytics"
U63,93,130,11,Expert,8,"Deep Learning, AI Research, Big Data Analytics"
U64,36,100,17,Expert,6,"Deep Learning, AI Research, Big Data Analytics"
U65,39,172,6,Beginner,2,"Intro to Programming, Basic Python, Fundamentals of ML"
U66,32,197,21,Expert,6,"Deep Learning, AI Research, Big Data Analytics"
U67,34,51,9,Beginner,8,"Intro to Programming, Basic Python, Fundamentals of ML"
U68,79,66,23,Expert,5,"Deep Learning, AI Research, Big Data Analytics"
U69,29,116,23,Expert,7,"Deep Learning, AI Research, Big Data Analytics"
U70,34,36,12,Expert,14,"Deep Learning, AI Research, Big Data Analytics"
U71,87,122,5,Expert,2,"Deep Learning, AI Research, Big Data Analytics"
U72,77,56,6,Expert,10,"Deep Learning, AI Research, Big Data Analytics"
U73,22,159,9,Beginner,4,"Intro to Programming, Basic Python, Fundamentals of ML"
U74,86,98,23,Expert,10,"Deep Learning, AI Research, Big Data Analytics"
U75,29,50,21,Expert,3,"Deep Learning, AI Research, Big Data Analytics"
U76,38,39,23,Expert,8,"Deep Learning, AI Research, Big Data Analytics"
U77,29,115,20,Expert,14,"Deep Learning, AI Research, Big Data Analytics"
U78,39,168,12,Expert,3,"Deep Learning, AI Research, Big Data Analytics"
U79,54,160,23,Expert,10,"Deep Learning, AI Research, Big Data Analytics"
U80,63,42,15,Intermediate,3,"Advanced Python, Data Science Basics, ML Algorithms"
U81,65,74,24,Expert,15,"Deep Learning, AI Research, Big Data Analytics"
U82,27,91,15,Expert,1,"Deep Learning, AI Research, Big Data Analytics"
U83,29,45,23,Expert,12,"Deep Learning, AI Research, Big Data Analytics"
U84,62,171,5,Expert,3,"Deep Learning, AI Research, Big Data Analytics"
U85,40,110,25,Expert,10,"Deep Learning, AI Research, Big Data Analytics"
U86,80,157,22,Expert,7,"Deep Learning, AI Research, Big Data Analytics"
U87,47,193,20,Expert,2,"Deep Learning, AI Research, Big Data Analytics"
U88,93,112,8,Expert,12,"Deep Learning, AI Research, Big Data Analytics"
U89,93,46,20,Expert,8,"Deep Learning, AI Research, Big Data Analytics"
U90,68,99,17,Intermediate,1,"Advanced Python, Data Science Basics, ML Algorithms"
U91,66,91,16,Intermediate,3,"Advanced Python, Data Science Basics, ML Algorithms"
U92,66,62,21,Expert,4,"Deep Learning, AI Research, Big Data Analytics"
U93,56,79,16,Intermediate,10,"Advanced Python, Data Science Basics, ML Algorithms"
U94,96,146,20,Expert,9,"Deep Learning, AI Research, Big Data Analytics"
U95,46,97,12,Intermediate,5,"Advanced Python, Data Science Basics, ML Algorithms"
U96,34,36,8,Beginner,15,"Intro to Programming, Basic Python, Fundamentals of ML"
U97,62,132,24,Expert,10,"Deep Learning, AI Research, Big Data Analytics"
U98,61,88,24,Expert,7,"Deep Learning, AI Research, Big Data Analytics"
U99,91,114,6,Expert,8,"Deep Learning, AI Research, Big Data Analytics"
U100,84,185,15,Expert,7,"Deep Learning, AI Research, Big Data Analytics"
U101,93,152,25,Expert,4,"Deep Learning, AI Research, Big Data Analytics"
U102,53,183,7,Expert,12,"Deep Learning, AI Research, Big Data Analytics"
U103,75,196,23,Expert,10,"Deep Learning, AI Research, Big Data Analytics"
U104,30,59,8,Beginner,3,"Intro to Programming, Basic Python, Fundamentals of ML"
U105,72,180,5,Expert,7,"Deep Learning, AI Research, Big Data Analytics"
U106,35,143,20,Expert,3,"Deep Learning, AI Research, Big Data Analytics"
U107,81,54,11,Expert,3,"Deep Learning, AI Research, Big Data Analytics"
U108,73,67,23,Expert,7,"Deep Learning, AI Research, Big Data Analytics"
U109,28,92,20,Expert,9,"Deep Learning, AI Research, Big Data Analytics"
U110,48,198,21,Expert,7,"Deep Learning, AI Research, Big Data Analytics"
U111,48,106,11,Intermediate,11,"Advanced Python, Data Science Basics, ML Algorithms"
U112,22,138,6,Beginner,4,"Intro to Programming, Basic Python, Fundamentals of ML"
U113,58,41,9,Expert,9,"Deep Learning, AI Research, Big Data Analytics"
U114,80,116,10,Expert,2,"Deep Learning, AI Research, Big Data Analytics"
U115,54,159,17,Intermediate,2,"Advanced Python, Data Science Basics, ML Algorithms"
U116,21,127,7,Beginner,12,"Intro to Programming, Basic Python, Fundamentals of ML"
U117,51,98,9,Expert,13,"Deep Learning, AI Research, Big Data Analytics"
U118,54,66,10,Intermediate,10,"Advanced Python, Data Science Basics, ML Algorithms"
U119,31,162,12,Expert,13,"Deep Learning, AI Research, Big Data Analytics"
U120,49,180,24,Expert,6,"Deep Learning, AI Research, Big Data Analytics"
U121,55,72,19,Expert,8,"Deep Learning, AI Research, Big Data Analytics"
U122,69,80,7,Expert,9,"Deep Learning, AI Research, Big Data Analytics"
U123,81,114,19,Expert,8,"Deep Learning, AI Research, Big Data Analytics"
U124,88,133,18,Expert,2,"Deep Learning, AI Research, Big Data Analytics"
U125,90,102,23,Expert,15,"Deep Learning, AI Research, Big Data Analytics"
U126,80,183,20,Expert,3,"Deep Learning, AI Research, Big Data Analytics"
U127,54,128,17,Intermediate,14,"Advanced Python, Data Science Basics, ML Algorithms"
U128,75,169,20,Expert,3,"Deep Learning, AI Research, Big Data Analytics"
U129,87,82,13,Expert,5,"Deep Learning, AI Research, Big Data Analytics"
U130,60,72,22,Expert,10,"Deep Learning, AI Research, Big Data Analytics"
U131,34,70,7,Beginner,14,"Intro to Programming, Basic Python, Fundamentals of ML"
U132,84,142,25,Expert,14,"Deep Learning, AI Research, Big Data Analytics"
U133,23,104,22,Expert,8,"Deep Learning, AI Research, Big Data Analytics"
U134,95,175,5,Expert,8,"Deep Learning, AI Research, Big Data Analytics"
U135,62,127,22,Expert,10,"Deep Learning, AI Research, Big Data Analytics"
U136,59,87,7,Expert,14,"Deep Learning, AI Research, Big Data Analytics"
U137,53,43,9,Expert,7,"Deep Learning, AI Research, Big Data Analytics"
U138,27,38,12,Expert,15,"Deep Learning, AI Research, Big Data Analytics"
U139,84,186,7,Expert,4,"Deep Learning, AI Research, Big Data Analytics"
U140,49,127,21,Expert,13,"Deep Learning, AI Research, Big Data Analytics"
U141,93,94,18,Expert,4,"Deep Learning, AI Research, Big Data Analytics"
U142,32,90,21,Expert,10,"Deep Learning, AI Research, Big Data Analytics"
U143,27,134,13,Expert,10,"Deep Learning, AI Research, Big Data Analytics"
U144,47,147,15,Intermediate,15,"Advanced Python, Data Science Basics, ML Algorithms"
U145,71,141,9,Expert,6,"Deep Learning, AI Research, Big Data Analytics"
U146,78,67,15,Expert,6,"Deep Learning, AI Research, Big Data Analytics"
U147,22,110,17,Expert,2,"Deep Learning, AI Research, Big Data Analytics"
U148,58,130,21,Expert,8,"Deep Learning, AI Research, Big Data Analytics"
U149,24,189,23,Expert,4,"Deep Learning, AI Research, Big Data Analytics"
U150,71,122,10,Expert,9,"Deep Learning, AI Research, Big Data Analytics"
U151,84,81,16,Expert,15,"Deep Learning, AI Research, Big Data Analytics"
U152,88,121,16,Expert,12,"Deep Learning, AI Research, Big Data Analytics"
U153,73,98,14,Expert,12,"Deep Learning, AI Research, Big Data Analytics"
U154,85,118,19,Expert,6,"Deep Learning, AI Research, Big Data Analytics"
U155,98,103,21,Expert,12,"Deep Learning, AI Research, Big Data Analytics"
U156,50,85,18,Expert,12,"Deep Learning, AI Research, Big Data Analytics"
U157,72,33,7,Expert,4,"Deep Learning, AI Research, Big Data Analytics"
U158,22,103,13,Expert,13,"Deep Learning, AI Research, Big Data Analytics"
U159,80,63,5,Expert,13,"Deep Learning, AI Research, Big Data Analytics"
U160,96,112,22,Expert,8,"Deep Learning, AI Research, Big Data Analytics"
U161,28,117,7,Beginner,11,"Intro to Programming, Basic Python, Fundamentals of ML"
U162,67,167,23,Expert,11,"Deep Learning, AI Research, Big Data Analytics"
U163,37,76,21,Expert,5,"Deep Learning, AI Research, Big Data Analytics"
U164,70,46,15,Expert,13,"Deep Learning, AI Research, Big Data Analytics"
U165,25,156,13,Expert,11,"Deep Learning, AI Research, Big Data Analytics"
U166,64,90,5,Expert,14,"Deep Learning, AI Research, Big Data Analytics"
U167,58,149,12,Intermediate,4,"Advanced Python, Data Science Basics, ML Algorithms"
U168,44,77,18,Expert,9,"Deep Learning, AI Research, Big Data Analytics"
U169,75,150,5,Expert,8,"Deep Learning, AI Research, Big Data Analytics"
U170,100,48,20,Expert,11,"Deep Learning, AI Research, Big Data Analytics"
U171,68,43,19,Expert,11,"Deep Learning, AI Research, Big Data Analytics"
U172,23,125,24,Expert,2,"Deep Learning, AI Research, Big Data Analytics"
U173,66,74,6,Expert,14,"Deep Learning, AI Research, Big Data Analytics"
U174,98,54,15,Expert,13,"Deep Learning, AI Research, Big Data Analytics"
U175,43,180,6,Expert,15,"Deep Learning, AI Research, Big Data Analytics"
U176,33,67,8,Beginner,6,"Intro to Programming, Basic Python, Fundamentals of ML"
U177,31,163,22,Expert,7,"Deep Learning, AI Research, Big Data Analytics"
U178,40,77,10,Intermediate,15,"Advanced Python, Data Science Basics, ML Algorithms"
U179,97,56,8,Expert,12,"Deep Learning, AI Research, Big Data Analytics"
U180,71,104,13,Expert,8,"Deep Learning, AI Research, Big Data Analytics"
U181,43,139,15,Intermediate,2,"Advanced Python, Data Science Basics, ML Algorithms"
U182,51,35,16,Intermediate,5,"Advanced Python, Data Science Basics, ML Algorithms"
U183,88,187,6,Expert,11,"Deep Learning, AI Research, Big Data Analytics"
U184,20,183,19,Expert,8,"Deep Learning, AI Research, Big Data Analytics"
U185,45,65,18,Expert,6,"Deep Learning, AI Research, Big Data Analytics"
U186,99,200,24,Expert,1,"Deep Learning, AI Research, Big Data Analytics"
U187,47,149,23,Expert,13,"Deep Learning, AI Research, Big Data Analytics"
U188,68,167,23,Expert,1,"Deep Learning, AI Research, Big Data Analytics"
U189,76,200,8,Expert,6,"Deep Learning, AI Research, Big Data Analytics"
U190,70,41,5,Expert,9,"Deep Learning, AI Research, Big Data Analytics"
U191,54,88,23,Expert,5,"Deep Learning, AI Research, Big Data Analytics"
U192,56,195,18,Expert,11,"Deep Learning, AI Research, Big Data Analytics"
U193,58,174,22,Expert,15,"Deep Learning, AI Research, Big Data Analytics"
U194,51,93,14,Intermediate,2,"Advanced Python, Data Science Basics, ML Algorithms"
U195,58,46,15,Intermediate,15,"Advanced Python, Data Science Basics, ML Algorithms"
U196,51,110,11,Intermediate,6,"Advanced Python, Data Science Basics, ML Algorithms"
U197,98,168,13,Expert,11,"Deep Learning, AI Research, Big Data Analytics"
U198,84,75,15,Expert,11,"Deep Learning, AI Research, Big Data Analytics"
U199,83,49,12,Expert,1,"Deep Learning, AI Research, Big Data Analytics"
U200,44,119,12,Intermediate,4,"Advanced Python, Data Science Basics, ML Algorithms"
U201,73,43,7,Expert,11,"Deep Learning, AI Research, Big Data Analytics"
U202,42,167,24,Expert,12,"Deep Learning, AI Research, Big Data Analytics"
U203,57,63,17,Intermediate,6,"Advanced Python, Data Science Basics, ML Algorithms"
U204,77,123,22,Expert,4,"Deep Learning, AI Research, Big Data Analytics"
U205,37,57,15,Expert,1,"Deep Learning, AI Research, Big Data Analytics"
U206,85,142,13,Expert,15,"Deep Learning, AI Research, Big Data Analytics"
U207,89,83,10,Expert,15,"Deep Learning, AI Research, Big Data Analytics"
U208,99,152,9,Expert,5,"Deep Learning, AI Research, Big Data Analytics"
U209,88,173,25,Expert,4,"Deep Learning, AI Research, Big Data Analytics"
U210,52,71,20,Expert,4,"Deep Learning, AI Research, Big Data Analytics"
U211,42,106,18,Expert,13,"Deep Learning, AI Research, Big Data Analytics"
U212,65,170,8,Expert,10,"Deep Learning, AI Research, Big Data Analytics"
U213,85,91,23,Expert,6,"Deep Learning, AI Research, Big Data Analytics"
U214,85,76,18,Expert,11,"Deep Learning, AI Research, Big Data Analytics"
U215,27,38,13,Expert,5,"Deep Learning, AI Research, Big Data Analytics"
U216,93,170,15,Expert,15,"Deep Learning, AI Research, Big Data Analytics"
U217,91,93,17,Expert,4,"Deep Learning, AI Research, Big Data Analytics"
U218,27,109,14,Expert,13,"Deep Learning, AI Research, Big Data Analytics"
U219,28,74,13,Expert,7,"Deep Learning, AI Research, Big Data Analytics"
U220,71,176,7,Expert,10,"Deep Learning, AI Research, Big Data Analytics"
U221,25,126,10,Expert,6,"Deep Learning, AI Research, Big Data Analytics"
U222,66,59,16,Intermediate,8,"Advanced Python, Data Science Basics, ML Algorithms"
U223,75,30,15,Expert,2,"Deep Learning, AI Research, Big Data Analytics"
U224,33,176,23,Expert,12,"Deep Learning, AI Research, Big Data Analytics"
U225,34,193,20,Expert,4,"Deep Learning, AI Research, Big Data Analytics"
U226,21,171,19,Expert,15,"Deep Learning, AI Research, Big Data Analytics"
U227,59,198,14,Intermediate,9,"Advanced Python, Data Science Basics, ML Algorithms"
U228,37,144,19,Expert,4,"Deep Learning, AI Research, Big Data Analytics"
U229,74,43,19,Expert,5,"Deep Learning, AI Research, Big Data Analytics"
U230,39,141,9,Beginner,7,"Intro to Programming, Basic Python, Fundamentals of ML"
U231,34,93,15,Expert,8,"Deep Learning, AI Research, Big Data Analytics"
U232,38,73,16,Expert,4,"Deep Learning, AI Research, Big Data Analytics"
U233,54,133,7,Expert,5,"Deep Learning, AI Research, Big Data Analytics"
U234,66,194,17,Intermediate,4,"Advanced Python, Data Science Basics, ML Algorithms"
U235,49,188,9,Expert,4,"Deep Learning, AI Research, Big Data Analytics"
U236,27,198,10,Expert,12,"Deep Learning, AI Research, Big Data Analytics"
U237,99,174,18,Expert,15,"Deep Learning, AI Research, Big Data Analytics"
U238,35,154,10,Expert,12,"Deep Learning, AI Research, Big Data Analytics"
U239,34,71,11,Expert,1,"Deep Learning, AI Research, Big Data Analytics"
U240,97,41,10,Expert,8,"Deep Learning, AI Research, Big Data Analytics"
U241,92,97,5,Expert,12,"Deep Learning, AI Research, Big Data Analytics"
U242,74,127,19,Expert,8,"Deep Learning, AI Research, Big Data Analytics"
U243,38,142,17,Expert,13,"Deep Learning, AI Research, Big Data Analytics"
U244,26,152,19,Expert,2,"Deep Learning, AI Research, Big Data Analytics"
U245,99,57,23,Expert,11,"Deep Learning, AI Research, Big Data Analytics"
U246,52,192,6,Expert,15,"Deep Learning, AI Research, Big Data Analytics"
U247,98,84,14,Expert,3,"Deep Learning, AI Research, Big Data Analytics"
U248,41,94,20,Expert,12,"Deep Learning, AI Research, Big Data Analytics"
U249,44,60,24,Expert,9,"Deep Learning, AI Research, Big Data Analytics"
U250,92,74,22,Expert,10,"Deep Learning, AI Research, Big Data Analytics"
U251,23,179,25,Expert,13,"Deep Learning, AI Research, Big Data Analytics"
U252,49,82,7,Expert,10,"Deep Learning, AI Research, Big Data Analytics"
U253,53,95,23,Expert,7,"Deep Learning, AI Research, Big Data Analytics"
U254,45,156,19,Expert,10,"Deep Learning, AI Research, Big Data Analytics"
U255,96,57,13,Expert,2,"Deep Learning, AI Research, Big Data Analytics"
U256,84,123,21,Expert,4,"Deep Learning, AI Research, Big Data Analytics"
U257,31,178,6,Beginner,9,"Intro to Programming, Basic Python, Fundamentals of ML"
U258,30,166,18,Expert,1,"Deep Learning, AI Research, Big Data Analytics"
U259,62,109,21,Expert,15,"Deep Learning, AI Research, Big Data Analytics"
U260,56,46,23,Expert,3,"Deep Learning, AI Research, Big Data Analytics"
U261,35,198,19,Expert,2,"Deep Learning, AI Research, Big Data Analytics"
U262,65,180,21,Expert,15,"Deep Learning, AI Research, Big Data Analytics"
U263,53,70,10,Intermediate,6,"Advanced Python, Data Science Basics, ML Algorithms"
U264,57,33,11,Intermediate,10,"Advanced Python, Data Science Basics, ML Algorithms"
U265,37,169,7,Beginner,12,"Intro to Programming, Basic Python, Fundamentals of ML"
U266,82,88,20,Expert,4,"Deep Learning, AI Research, Big Data Analytics"
U267,84,166,6,Expert,7,"Deep Learning, AI Research, Big Data Analytics"
U268,70,66,11,Expert,12,"Deep Learning, AI Research, Big Data Analytics"
U269,63,129,18,Expert,4,"Deep Learning, AI Research, Big Data Analytics"
U270,21,150,22,Expert,4,"Deep Learning, AI Research, Big Data Analytics"
U271,64,96,7,Expert,2,"Deep Learning, AI Research, Big Data Analytics"
U272,89,107,16,Expert,9,"Deep Learning, AI Research, Big Data Analytics"
U273,81,82,12,Expert,13,"Deep Learning, AI Research, Big Data Analytics"
U274,34,184,14,Expert,9,"Deep Learning, AI Research, Big Data Analytics"
U275,85,182,10,Expert,9,"Deep Learning, AI Research, Big Data Analytics"
U276,64,82,15,Intermediate,13,"Advanced Python, Data Science Basics, ML Algorithms"
U277,87,75,5,Expert,14,"Deep Learning, AI Research, Big Data Analytics"
U278,74,72,21,Expert,5,"Deep Learning, AI Research, Big Data Analytics"
U279,84,190,6,Expert,6,"Deep Learning, AI Research, Big Data Analytics"
U280,48,152,25,Expert,1,"Deep Learning, AI Research, Big Data Analytics"
U281,85,108,8,Expert,11,"Deep Learning, AI Research, Big Data Analytics"
U282,26,166,12,Expert,4,"Deep Learning, AI Research, Big Data Analytics"
U283,33,132,13,Expert,13,"Deep Learning, AI Research, Big Data Analytics"
U284,53,200,25,Expert,13,"Deep Learning, AI Research, Big Data Analytics"
U285,61,92,17,Intermediate,4,"Advanced Python, Data Science Basics, ML Algorithms"
U286,76,77,24,Expert,15,"Deep Learning, AI Research, Big Data Analytics"
U287,48,123,22,Expert,13,"Deep Learning, AI Research, Big Data Analytics"
U288,80,88,14,Expert,2,"Deep Learning, AI Research, Big Data Analytics"
U289,97,186,11,Expert,6,"Deep Learning, AI Research, Big Data Analytics"
U290,72,64,18,Expert,12,"Deep Learning, AI Research, Big Data Analytics"
U291,81,188,16,Expert,9,"Deep Learning, AI Research, Big Data Analytics"
U292,22,115,15,Expert,14,"Deep Learning, AI Research, Big Data Analytics"
U293,47,104,19,Expert,13,"Deep Learning, AI Research, Big Data Analytics"
U294,23,49,17,Expert,14,"Deep Learning, AI Research, Big Data Analytics"
U295,34,138,23,Expert,12,"Deep Learning, AI Research, Big Data Analytics"
U296,28,102,7,Beginner,13,"Intro to Programming, Basic Python, Fundamentals of ML"
U297,91,31,22,Expert,9,"Deep Learning, AI Research, Big Data Analytics"
U298,52,79,13,Intermediate,3,"Advanced Python, Data Science Basics, ML Algorithms"
U299,81,38,5,Expert,8,"Deep Learning, AI Research, Big Data Analytics"
U300,32,188,10,Expert,6,"Deep Learning, AI Research, Big Data Analytics"
U301,30,86,19,Expert,7,"Deep Learning, AI Research, Big Data Analytics"
U302,59,64,9,Expert,8,"Deep Learning, AI Research, Big Data Analytics"
U303,92,179,23,Expert,9,"Deep Learning, AI Research, Big Data Analytics"
U304,31,52,16,Expert,4,"Deep Learning, AI Research, Big Data Analytics"
U305,45,124,8,Expert,11,"Deep Learning, AI Research, Big Data Analytics"
U306,61,146,15,Intermediate,1,"Advanced Python, Data Science Basics, ML Algorithms"
U307,50,145,11,Intermediate,14,"Advanced Python, Data Science Basics, ML Algorithms"
U308,92,109,7,Expert,10,"Deep Learning, AI Research, Big Data Analytics"
U309,65,50,17,Intermediate,7,"Advanced Python, Data Science Basics, ML Algorithms"
U310,39,96,7,Beginner,6,"Intro to Programming, Basic Python, Fundamentals of ML"
U311,66,114,11,Intermediate,11,"Advanced Python, Data Science Basics, ML Algorithms"
U312,75,85,6,Expert,12,"Deep Learning, AI Research, Big Data Analytics"
U313,75,142,16,Expert,3,"Deep Learning, AI Research, Big Data Analytics"
U314,79,108,25,Expert,5,"Deep Learning, AI Research, Big Data Analytics"
U315,95,43,5,Expert,13,"Deep Learning, AI Research, Big Data Analytics"
U316,59,95,6,Expert,7,"Deep Learning, AI Research, Big Data Analytics"
U317,95,40,12,Expert,13,"Deep Learning, AI Research, Big Data Analytics"
U318,21,76,14,Expert,13,"Deep Learning, AI Research, Big Data Analytics"
U319,74,135,19,Expert,6,"Deep Learning, AI Research, Big Data Analytics"
U320,69,134,5,Expert,8,"Deep Learning, AI Research, Big Data Analytics"
U321,47,149,5,Expert,3,"Deep Learning, AI Research, Big Data Analytics"
U322,69,195,17,Intermediate,3,"Advanced Python, Data Science Basics, ML Algorithms"
U323,30,86,12,Expert,1,"Deep Learning, AI Research, Big Data Analytics"
U324,71,161,19,Expert,9,"Deep Learning, AI Research, Big Data Analytics"
U325,71,185,23,Expert,13,"Deep Learning, AI Research, Big Data Analytics"
U326,46,93,10,Intermediate,15,"Advanced Python, Data Science Basics, ML Algorithms"
U327,20,187,25,Expert,15,"Deep Learning, AI Research, Big Data Analytics"
U328,72,54,14,Expert,10,"Deep Learning, AI Research, Big Data Analytics"
U329,23,87,18,Expert,5,"Deep Learning, AI Research, Big Data Analytics"
U330,63,42,8,Expert,7,"Deep Learning, AI Research, Big Data Analytics"
U331,48,73,25,Expert,4,"Deep Learning, AI Research, Big Data Analytics"
U332,22,65,8,Beginner,9,"Intro to Programming, Basic Python, Fundamentals of ML"
U333,39,148,23,Expert,5,"Deep Learning, AI Research, Big Data Analytics"
U334,66,149,14,Intermediate,3,"Advanced Python, Data Science Basics, ML Algorithms"
U335,45,115,13,Intermediate,5,"Advanced Python, Data Science Basics, ML Algorithms"
U336,53,58,19,Expert,10,"Deep Learning, AI Research, Big Data Analytics"
U337,80,188,15,Expert,13,"Deep Learning, AI Research, Big Data Analytics"
U338,38,128,22,Expert,3,"Deep Learning, AI Research, Big Data Analytics"
U339,35,120,18,Expert,15,"Deep Learning, AI Research, Big Data Analytics"
U340,21,182,16,Expert,1,"Deep Learning, AI Research, Big Data Analytics"
U341,69,140,24,Expert,13,"Deep Learning, AI Research, Big Data Analytics"
U342,92,40,6,Expert,15,"Deep Learning, AI Research, Big Data Analytics"
U343,37,78,6,Beginner,6,"Intro to Programming, Basic Python, Fundamentals of ML"
U344,50,188,14,Intermediate,12,"Advanced Python, Data Science Basics, ML Algorithms"
U345,89,80,11,Expert,9,"Deep Learning, AI Research, Big Data Analytics"
U346,90,40,18,Expert,9,"Deep Learning, AI Research, Big Data Analytics"
U347,81,69,9,Expert,2,"Deep Learning, AI Research, Big Data Analytics"
U348,72,177,7,Expert,9,"Deep Learning, AI Research, Big Data Analytics"
U349,43,174,22,Expert,1,"Deep Learning, AI Research, Big Data Analytics"
U350,71,42,13,Expert,13,"Deep Learning, AI Research, Big Data Analytics"
U351,29,46,18,Expert,1,"Deep Learning, AI Research, Big Data Analytics"
U352,74,182,5,Expert,13,"Deep Learning, AI Research, Big Data Analytics"
U353,62,151,18,Expert,4,"Deep Learning, AI Research, Big Data Analytics"
U354,97,198,11,Expert,15,"Deep Learning, AI Research, Big Data Analytics"
U355,47,106,20,Expert,15,"Deep Learning, AI Research, Big Data Analytics"
U356,58,83,9,Expert,9,"Deep Learning, AI Research, Big Data Analytics"
U357,80,118,12,Expert,12,"Deep Learning, AI Research, Big Data Analytics"
U358,84,94,24,Expert,15,"Deep Learning, AI Research, Big Data Analytics"
U359,74,115,16,Expert,4,"Deep Learning, AI Research, Big Data Analytics"
U360,57,180,19,Expert,5,"Deep Learning, AI Research, Big Data Analytics"
U361,22,70,15,Expert,9,"Deep Learning, AI Research, Big Data Analytics"
U362,59,138,11,Intermediate,14,"Advanced Python, Data Science Basics, ML Algorithms"
U363,62,102,10,Intermediate,9,"Advanced Python, Data Science Basics, ML Algorithms"
U364,73,171,11,Expert,9,"Deep Learning, AI Research, Big Data Analytics"
U365,62,56,8,Expert,3,"Deep Learning, AI Research, Big Data Analytics"
U366,83,111,16,Expert,13,"Deep Learning, AI Research, Big Data Analytics"
U367,38,98,15,Expert,1,"Deep Learning, AI Research, Big Data Analytics"
U368,57,183,12,Intermediate,5,"Advanced Python, Data Science Basics, ML Algorithms"
U369,92,48,25,Expert,13,"Deep Learning, AI Research, Big Data Analytics"
U370,55,131,18,Expert,11,"Deep Learning, AI Research, Big Data Analytics"
U371,51,47,18,Expert,15,"Deep Learning, AI Research, Big Data Analytics"
U372,80,143,11,Expert,7,"Deep Learning, AI Research, Big Data Analytics"
U373,27,155,21,Expert,14,"Deep Learning, AI Research, Big Data Analytics"
U374,100,51,8,Expert,14,"Deep Learning, AI Research, Big Data Analytics"
U375,85,74,15,Expert,6,"Deep Learning, AI Research, Big Data Analytics"
U376,40,150,15,Intermediate,11,"Advanced Python, Data Science Basics, ML Algorithms"
U377,36,121,23,Expert,14,"Deep Learning, AI Research, Big Data Analytics"
U378,26,95,18,Expert,5,"Deep Learning, AI Research, Big Data Analytics"
U379,47,97,16,Intermediate,10,"Advanced Python, Data Science Basics, ML Algorithms"
U380,30,109,7,Beginner,10,"Intro to Programming, Basic Python, Fundamentals of ML"
U381,30,144,24,Expert,11,"Deep Learning, AI Research, Big Data Analytics"
U382,53,152,17,Intermediate,6,"Advanced Python, Data Science Basics, ML Algorithms"
U383,58,154,24,Expert,6,"Deep Learning, AI Research, Big Data Analytics"
U384,75,141,22,Expert,3,"Deep Learning, AI Research, Big Data Analytics"
U385,95,34,14,Expert,4,"Deep Learning, AI Research, Big Data Analytics"
U386,48,159,22,Expert,2,"Deep Learning, AI Research, Big Data Analytics"
U387,79,44,24,Expert,15,"Deep Learning, AI Research, Big Data Analytics"
U388,37,114,24,Expert,9,"Deep Learning, AI Research, Big Data Analytics"
U389,46,50,23,Expert,1,"Deep Learning, AI Research, Big Data Analytics"
U390,82,47,10,Expert,9,"Deep Learning, AI Research, Big Data Analytics"
U391,79,49,21,Expert,10,"Deep Learning, AI Research, Big Data Analytics"
U392,48,156,8,Expert,7,"Deep Learning, AI Research, Big Data Analytics"
U393,43,44,17,Intermediate,6,"Advanced Python, Data Science Basics, ML Algorithms"
U394,52,88,24,Expert,1,"Deep Learning, AI Research, Big Data Analytics"
U395,28,164,21,Expert,4,"Deep Learning, AI Research, Big Data Analytics"
U396,89,123,9,Expert,1,"Deep Learning, AI Research, Big Data Analytics"
U397,44,176,19,Expert,1,"Deep Learning, AI Research, Big Data Analytics"
U398,71,131,21,Expert,11,"Deep Learning, AI Research, Big Data Analytics"
U399,71,136,18,Expert,8,"Deep Learning, AI Research, Big Data Analytics"
U400,46,162,15,Intermediate,12,"Advanced Python, Data Science Basics, ML Algorithms"
U401,88,156,14,Expert,9,"Deep Learning, AI Research, Big Data Analytics"
U402,73,64,17,Expert,6,"Deep Learning, AI Research, Big Data Analytics"
U403,92,174,6,Expert,6,"Deep Learning, AI Research, Big Data Analytics"
U404,32,197,14,Expert,5,"Deep Learning, AI Research, Big Data Analytics"
U405,33,107,18,Expert,4,"Deep Learning, AI Research, Big Data Analytics"
U406,33,162,8,Beginner,4,"Intro to Programming, Basic Python, Fundamentals of ML"
U407,46,174,21,Expert,3,"Deep Learning, AI Research, Big Data Analytics"
U408,61,149,16,Intermediate,6,"Advanced Python, Data Science Basics, ML Algorithms"
U409,86,79,5,Expert,1,"Deep Learning, AI Research, Big Data Analytics"
U410,53,157,25,Expert,8,"Deep Learning, AI Research, Big Data Analytics"
U411,50,57,9,Expert,4,"Deep Learning, AI Research, Big Data Analytics"
U412,28,194,5,Beginner,1,"Intro to Programming, Basic Python, Fundamentals of ML"
U413,37,178,15,Expert,3,"Deep Learning, AI Research, Big Data Analytics"
U414,84,54,16,Expert,6,"Deep Learning, AI Research, Big Data Analytics"
U415,92,196,17,Expert,9,"Deep Learning, AI Research, Big Data Analytics"
U416,67,149,16,Intermediate,13,"Advanced Python, Data Science Basics, ML Algorithms"
U417,26,94,20,Expert,9,"Deep Learning, AI Research, Big Data Analytics"
U418,70,108,5,Expert,7,"Deep Learning, AI Research, Big Data Analytics"
U419,51,189,25,Expert,5,"Deep Learning, AI Research, Big Data Analytics"
U420,97,194,12,Expert,10,"Deep Learning, AI Research, Big Data Analytics"
U421,87,58,15,Expert,11,"Deep Learning, AI Research, Big Data Analytics"
U422,21,101,10,Expert,15,"Deep Learning, AI Research, Big Data Analytics"
U423,27,38,13,Expert,4,"Deep Learning, AI Research, Big Data Analytics"
U424,54,137,24,Expert,4,"Deep Learning, AI Research, Big Data Analytics"
U425,83,173,11,Expert,8,"Deep Learning, AI Research, Big Data Analytics"
U426,61,106,18,Expert,8,"Deep Learning, AI Research, Big Data Analytics"
U427,22,93,21,Expert,11,"Deep Learning, AI Research, Big Data Analytics"
U428,86,168,7,Expert,12,"Deep Learning, AI Research, Big Data Analytics"
U429,80,106,23,Expert,3,"Deep Learning, AI Research, Big Data Analytics"
U430,21,73,10,Expert,2,"Deep Learning, AI Research, Big Data Analytics"
U431,99,139,18,Expert,13,"Deep Learning, AI Research, Big Data Analytics"
U432,79,92,21,Expert,5,"Deep Learning, AI Research, Big Data Analytics"
U433,26,36,19,Expert,12,"Deep Learning, AI Research, Big Data Analytics"
U434,54,73,24,Expert,14,"Deep Learning, AI Research, Big Data Analytics"
U435,90,147,14,Expert,8,"Deep Learning, AI Research, Big Data Analytics"
U436,100,190,6,Expert,6,"Deep Learning, AI Research, Big Data Analytics"
U437,57,43,18,Expert,6,"Deep Learning, AI Research, Big Data Analytics"
U438,26,52,23,Expert,15,"Deep Learning, AI Research, Big Data Analytics"
U439,46,157,7,Expert,10,"Deep Learning, AI Research, Big Data Analytics"
U440,68,148,10,Intermediate,10,"Advanced Python, Data Science Basics, ML Algorithms"
U441,100,200,24,Expert,14,"Deep Learning, AI Research, Big Data Analytics"
U442,94,32,15,Expert,12,"Deep Learning, AI Research, Big Data Analytics"
U443,37,185,11,Expert,15,"Deep Learning, AI Research, Big Data Analytics"
U444,67,108,25,Expert,4,"Deep Learning, AI Research, Big Data Analytics"
U445,88,125,19,Expert,15,"Deep Learning, AI Research, Big Data Analytics"
U446,77,187,23,Expert,12,"Deep Learning, AI Research, Big Data Analytics"
U447,56,158,7,Expert,11,"Deep Learning, AI Research, Big Data Analytics"
U448,32,167,25,Expert,10,"Deep Learning, AI Research, Big Data Analytics"
U449,31,40,17,Expert,2,"Deep Learning, AI Research, Big Data Analytics"
U450,27,140,19,Expert,4,"Deep Learning, AI Research, Big Data Analytics"
U451,87,63,21,Expert,9,"Deep Learning, AI Research, Big Data Analytics"
U452,58,147,11,Intermediate,12,"Advanced Python, Data Science Basics, ML Algorithms"
U453,75,109,22,Expert,8,"Deep Learning, AI Research, Big Data Analytics"
U454,46,148,14,Intermediate,15,"Advanced Python, Data Science Basics, ML Algorithms"
U455,20,115,12,Expert,2,"Deep Learning, AI Research, Big Data Analytics"
U456,49,58,11,Intermediate,3,"Advanced Python, Data Science Basics, ML Algorithms"
U457,79,153,20,Expert,11,"Deep Learning, AI Research, Big Data Analytics"
U458,59,81,14,Intermediate,15,"Advanced Python, Data Science Basics, ML Algorithms"
U459,58,198,24,Expert,2,"Deep Learning, AI Research, Big Data Analytics"
U460,28,78,19,Expert,3,"Deep Learning, AI Research, Big Data Analytics"
U461,24,109,7,Beginner,10,"Intro to Programming, Basic Python, Fundamentals of ML"
U462,54,131,8,Expert,6,"Deep Learning, AI Research, Big Data Analytics"
U463,22,83,15,Expert,14,"Deep Learning, AI Research, Big Data Analytics"
U464,45,174,17,Intermediate,3,"Advanced Python, Data Science Basics, ML Algorithms"
U465,20,64,18,Expert,9,"Deep Learning, AI Research, Big Data Analytics"
U466,41,97,14,Intermediate,6,"Advanced Python, Data Science Basics, ML Algorithms"
U467,74,79,7,Expert,7,"Deep Learning, AI Research, Big Data Analytics"
U468,52,101,17,Intermediate,15,"Advanced Python, Data Science Basics, ML Algorithms"
U469,33,95,20,Expert,14,"Deep Learning, AI Research, Big Data Analytics"
U470,54,166,16,Intermediate,15,"Advanced Python, Data Science Basics, ML Algorithms"
U471,68,53,14,Intermediate,13,"Advanced Python, Data Science Basics, ML Algorithms"
U472,76,183,17,Expert,10,"Deep Learning, AI Research, Big Data Analytics"
U473,70,82,17,Expert,11,"Deep Learning, AI Research, Big Data Analytics"
U474,94,113,22,Expert,8,"Deep Learning, AI Research, Big Data Analytics"
U475,51,131,11,Intermediate,14,"Advanced Python, Data Science Basics, ML Algorithms"
U476,73,116,5,Expert,12,"Deep Learning, AI Research, Big Data Analytics"
U477,45,155,15,Intermediate,9,"Advanced Python, Data Science Basics, ML Algorithms"
U478,52,88,19,Expert,3,"Deep Learning, AI Research, Big Data Analytics"
U479,69,106,18,Expert,2,"Deep Learning, AI Research, Big Data Analytics"
U480,41,90,5,Expert,3,"Deep Learning, AI Research, Big Data Analytics"
U481,61,161,9,Expert,3,"Deep Learning, AI Research, Big Data Analytics"
U482,84,119,11,Expert,15,"Deep Learning, AI Research, Big Data Analytics"
U483,82,54,14,Expert,5,"Deep Learning, AI Research, Big Data Analytics"
U484,29,183,16,Expert,1,"Deep Learning, AI Research, Big Data Analytics"
U485,27,116,15,Expert,12,"Deep Learning, AI Research, Big Data Analytics"
U486,80,131,9,Expert,4,"Deep Learning, AI Research, Big Data Analytics"
U487,27,55,18,Expert,2,"Deep Learning, AI Research, Big Data Analytics"
U488,95,74,11,Expert,7,"Deep Learning, AI Research, Big Data Analytics"
U489,52,185,19,Expert,10,"Deep Learning, AI Research, Big Data Analytics"
U490,46,195,24,Expert,11,"Deep Learning, AI Research, Big Data Analytics"
U491,51,142,17,Intermediate,3,"Advanced Python, Data Science Basics, ML Algorithms"
U492,88,107,19,Expert,15,"Deep Learning, AI Research, Big Data Analytics"
U493,49,155,14,Intermediate,2,"Advanced Python, Data Science Basics, ML Algorithms"
U494,38,155,19,Expert,8,"Deep Learning, AI Research, Big Data Analytics"
U495,25,151,8,Beginner,14,"Intro to Programming, Basic Python, Fundamentals of ML"
U496,67,189,17,Intermediate,2,"Advanced Python, Data Science Basics, ML Algorithms"
U497,21,124,16,Expert,6,"Deep Learning, AI Research, Big Data Analytics"
U498,35,160,12,Expert,8,"Deep Learning, AI Research, Big Data Analytics"
U499,98,100,15,Expert,3,"Deep Learning, AI Research, Big Data Analytics"
U500,75,157,24,Expert,9,"Deep Learning, AI Research, Big Data Analytics"
